{"feimp": [0.07927382957263535, 0.10443851617200427, 0.07367096340396585, 0.07247198794037901, 0.08218617713497423, 0.06805673623227122, 0.10425845825013878, 0.08953274274020646, 0.07277847975046983, 0.10834281085543901, 0.14498929794751603], "trnfn": "/root/wp/mos/danylo.kolos_gmail.com/50b12f0c683f40258fcc10e80f7e6393/dbset/WR_Wine/DS_Wine/trn.csv", "dtype": "table", "mtype": "clsify", "trgfn": "/root/wp/mos/danylo.kolos_gmail.com/50b12f0c683f40258fcc10e80f7e6393/dbset/WR_Wine/DS_Wine/tst.csv", "tstfn": "", "tsttrgfn": "", "target": ["quality"], "felist": ["fixedacidity", "volatileacidity", "citricacid", "residualsugar", "chlorides", "freesulfurdioxide", "totalsulfurdioxide", "density", "pH", "sulphates", "alcohol"], "classes_": [[3, 4, 5, 6, 7, 8]], "class_label": [[[3, 4, 5, 6, 7, 8]]], "class_list": [[{"class_label": 3, "original_class": [3, 4, 5, 6, 7, 8]}]], "time": 0.3706471920013428, "acc": [0.69375]}