{"status": "ready", "dtype": [{"column": "fixedacidity", "type": "float64", "dtype": "Num"}, {"column": "volatileacidity", "type": "float64", "dtype": "Num"}, {"column": "citricacid", "type": "float64", "dtype": "Num"}, {"column": "residualsugar", "type": "float64", "dtype": "Num"}, {"column": "chlorides", "type": "float64", "dtype": "Num"}, {"column": "freesulfurdioxide", "type": "float64", "dtype": "Num"}, {"column": "totalsulfurdioxide", "type": "float64", "dtype": "Num"}, {"column": "density", "type": "float64", "dtype": "Num"}, {"column": "pH", "type": "float64", "dtype": "Num"}, {"column": "sulphates", "type": "float64", "dtype": "Num"}, {"column": "alcohol", "type": "float64", "dtype": "Num"}, {"column": "quality", "type": "int64", "dtype": "Num"}], "rows": 1599, "cols": "quality", "table": [{"id": "id_csv_feature1", "name": "fixedacidity", "missing": "No", "missing_count": 0, "iserror": "No", "nnan": 0, "nunique": 96, "dtype": "float64", "dtype_v": "Num"}, {"id": "id_csv_feature2", "name": "volatileacidity", "missing": "No", "missing_count": 0, "iserror": "No", "nnan": 0, "nunique": 143, "dtype": "float64", "dtype_v": "Num"}, {"id": "id_csv_feature3", "name": "citricacid", "missing": "No", "missing_count": 0, "iserror": "No", "nnan": 0, "nunique": 80, "dtype": "float64", "dtype_v": "Num"}, {"id": "id_csv_feature4", "name": "residualsugar", "missing": "No", "missing_count": 0, "iserror": "No", "nnan": 0, "nunique": 91, "dtype": "float64", "dtype_v": "Num"}, {"id": "id_csv_feature5", "name": "chlorides", "missing": "No", "missing_count": 0, "iserror": "No", "nnan": 0, "nunique": 153, "dtype": "float64", "dtype_v": "Num"}, {"id": "id_csv_feature6", "name": "freesulfurdioxide", "missing": "No", "missing_count": 0, "iserror": "No", "nnan": 0, "nunique": 60, "dtype": "float64", "dtype_v": "Num"}, {"id": "id_csv_feature7", "name": "totalsulfurdioxide", "missing": "No", "missing_count": 0, "iserror": "No", "nnan": 0, "nunique": 144, "dtype": "float64", "dtype_v": "Num"}, {"id": "id_csv_feature8", "name": "density", "missing": "No", "missing_count": 0, "iserror": "No", "nnan": 0, "nunique": 436, "dtype": "float64", "dtype_v": "Num"}, {"id": "id_csv_feature9", "name": "pH", "missing": "No", "missing_count": 0, "iserror": "No", "nnan": 0, "nunique": 89, "dtype": "float64", "dtype_v": "Num"}, {"id": "id_csv_feature10", "name": "sulphates", "missing": "No", "missing_count": 0, "iserror": "No", "nnan": 0, "nunique": 96, "dtype": "float64", "dtype_v": "Num"}, {"id": "id_csv_feature11", "name": "alcohol", "missing": "No", "missing_count": 0, "iserror": "No", "nnan": 0, "nunique": 65, "dtype": "float64", "dtype_v": "Num"}, {"id": "id_csv_feature12", "name": "quality", "missing": "No", "missing_count": 0, "iserror": "No", "nnan": 0, "nunique": 6, "dtype": "int64", "dtype_v": "Num"}]}