{"_ini": {"callback": "mlp-algos-clsify", "code": "a13c_1636994318782757:4f973092-7f7f-4812-f772-e0321b5050d8", "dir_process_status": "/root/wp/mos/danylo.kolos_gmail.com/50b12f0c683f40258fcc10e80f7e6393/tmp", "org": "danylo.kolos_gmail.com", "modeltype": "clsify", "project": "50b12f0c683f40258fcc10e80f7e6393", "pname": "PROJ-5DF", "powner": "danylo.kolos@gmail.com", "dbset": "DS_Wine", "rawdb": "WR_Wine", "modelid": "idclsify24", "src": "new", "dbs": "DS_Wine", "dbi": {"name": "WR_Wine", "ext": "csv", "fn": "WR_Wine.csv", "src": "winequality_red", "fullname": "WR_Wine.csv", "dtype": "table", "format": "Tabular", "size": "1", "date": "Mon Nov 15 16:36:51 2021", "islocked": "Yes", "iserror": false, "rows": 1599, "cols": 12}, "ckey": "a13c_1636994318782757", "cval": "4f973092-7f7f-4812-f772-e0321b5050d8", "allmodelfile": "/root/wp/mos/danylo.kolos_gmail.com/50b12f0c683f40258fcc10e80f7e6393/models/clsify/clsify.json", "allmodelpath": "/root/wp/mos/danylo.kolos_gmail.com/50b12f0c683f40258fcc10e80f7e6393/models/clsify", "fn_logs": "/root/wp/mos/danylo.kolos_gmail.com/50b12f0c683f40258fcc10e80f7e6393/tmp/logs-a13c_1636994318782757.json", "mltype": "default", "fn_process_status": "/root/wp/mos/danylo.kolos_gmail.com/50b12f0c683f40258fcc10e80f7e6393/tmp/mlp-process-status-a13c_1636994318782757.json", "fn_raw_cache": "/root/wp/mos/danylo.kolos_gmail.com/50b12f0c683f40258fcc10e80f7e6393/cache/rawdata/WR_Wine.json", "fn_raw_cache_model": "/root/wp/mos/danylo.kolos_gmail.com/50b12f0c683f40258fcc10e80f7e6393/models/clsify/idclsify24/a13c_1636994318782757/datastat.json", "fn_rawdb": "/root/wp/mos/danylo.kolos_gmail.com/50b12f0c683f40258fcc10e80f7e6393/rawdata/WR_Wine.csv", "dir_model": "/root/wp/mos/danylo.kolos_gmail.com/50b12f0c683f40258fcc10e80f7e6393/models/clsify/idclsify24/a13c_1636994318782757", "dir_model_base": "/root/wp/mos/danylo.kolos_gmail.com/50b12f0c683f40258fcc10e80f7e6393/models/clsify/idclsify24", "dbs_path": "/root/wp/mos/danylo.kolos_gmail.com/50b12f0c683f40258fcc10e80f7e6393/dbset/WR_Wine/DS_Wine", "fn_dbset_info": "/root/wp/mos/danylo.kolos_gmail.com/50b12f0c683f40258fcc10e80f7e6393/dbset/WR_Wine/DS_Wine/dbset.json", "fn_db_trn": "/root/wp/mos/danylo.kolos_gmail.com/50b12f0c683f40258fcc10e80f7e6393/dbset/WR_Wine/DS_Wine/trn.csv", "fn_db_tst": "/root/wp/mos/danylo.kolos_gmail.com/50b12f0c683f40258fcc10e80f7e6393/dbset/WR_Wine/DS_Wine/tst.csv", "fn_im_trn": "/root/wp/mos/danylo.kolos_gmail.com/50b12f0c683f40258fcc10e80f7e6393/dbset/WR_Wine/DS_Wine/trn.pkl", "fn_im_tst": "/root/wp/mos/danylo.kolos_gmail.com/50b12f0c683f40258fcc10e80f7e6393/dbset/WR_Wine/DS_Wine/tst.pkl", "formattestdata": "general", "ext_model": "pkl", "mtag": "clsify", "fn_model_config_default": "/root/wp/mos/danylo.kolos_gmail.com/50b12f0c683f40258fcc10e80f7e6393/models/clsify/idclsify24/mconfig-default.json", "fn_model_config_version": "/root/wp/mos/danylo.kolos_gmail.com/50b12f0c683f40258fcc10e80f7e6393/models/clsify/idclsify24/a13c_1636994318782757/mconfig-a13c_1636994318782757.json", "fn_model_pkl": "/root/wp/mos/danylo.kolos_gmail.com/50b12f0c683f40258fcc10e80f7e6393/models/clsify/idclsify24/a13c_1636994318782757/model-a13c_1636994318782757.pkl", "fn_model_ini": "/root/wp/mos/danylo.kolos_gmail.com/50b12f0c683f40258fcc10e80f7e6393/models/clsify/idclsify24/a13c_1636994318782757/inia13c_1636994318782757.json", "fn_model_mdl": "/root/wp/mos/danylo.kolos_gmail.com/50b12f0c683f40258fcc10e80f7e6393/models/clsify/idclsify24/model-a13c_1636994318782757.mdl", "fn_tst_smpl_default": "/root/wp/mos/danylo.kolos_gmail.com/50b12f0c683f40258fcc10e80f7e6393/models/clsify/idclsify24/msample-default.json", "fn_tst_smpl_version": "/root/wp/mos/danylo.kolos_gmail.com/50b12f0c683f40258fcc10e80f7e6393/models/clsify/idclsify24/a13c_1636994318782757/msample-a13c_1636994318782757.json", "fn_result_default": "/root/wp/mos/danylo.kolos_gmail.com/50b12f0c683f40258fcc10e80f7e6393/models/clsify/idclsify24/mresult-default.json", "fn_result_version": "/root/wp/mos/danylo.kolos_gmail.com/50b12f0c683f40258fcc10e80f7e6393/models/clsify/idclsify24/a13c_1636994318782757/mresult-a13c_1636994318782757.json", "fn_model_dconfig_default": "/root/wp/mos/danylo.kolos_gmail.com/50b12f0c683f40258fcc10e80f7e6393/models/clsify/idclsify24/dconfig-default.json", "fn_model_dconfig_version": "/root/wp/mos/danylo.kolos_gmail.com/50b12f0c683f40258fcc10e80f7e6393/models/clsify/idclsify24/a13c_1636994318782757/dconfig-a13c_1636994318782757.json", "dir_explain": "/root/wp/mos/danylo.kolos_gmail.com/50b12f0c683f40258fcc10e80f7e6393/models/clsify/idclsify24/a13c_1636994318782757/explain", "fn_explain": "/root/wp/mos/danylo.kolos_gmail.com/50b12f0c683f40258fcc10e80f7e6393/models/clsify/idclsify24/a13c_1636994318782757/explain.pkl", "fn_y_prod": "/root/wp/mos/danylo.kolos_gmail.com/50b12f0c683f40258fcc10e80f7e6393/models/clsify/idclsify24/a13c_1636994318782757/pred-a13c_1636994318782757.csv", "fn_y_trn_prod": "/root/wp/mos/danylo.kolos_gmail.com/50b12f0c683f40258fcc10e80f7e6393/models/clsify/idclsify24/a13c_1636994318782757/pred_trn-a13c_1636994318782757.csv", "fn_y_test": "/root/wp/mos/danylo.kolos_gmail.com/50b12f0c683f40258fcc10e80f7e6393/models/clsify/idclsify24/a13c_1636994318782757/gt-a13c_1636994318782757.csv", "dbs_copy_path": "/root/wp/mos/danylo.kolos_gmail.com/50b12f0c683f40258fcc10e80f7e6393/models/clsify/idclsify24/a13c_1636994318782757/dbs", "mconfig": {"ids": ["n_estimators"], "vals": ["100"], "opt": [["n_estimators", "int", "text", "100", true]], "algo": "RandomForestClassifier", "email": {"name": "Danylo Kolos", "email": "danylo.kolos@gmail.com"}, "isemail": "no", "salgo": {"algo": "RandomForestClassifier", "apath": "mlp", "type": "original"}, "apath": "mlp", "algogenre": "original", "algotype": "clsify", "dbl1": "DS_Wine", "raw": "WR_Wine", "dbl2": "/", "mname": "MD_Wine"}, "algo": "RandomForestClassifier", "isemail": "no", "email": {"name": "Danylo Kolos", "email": "danylo.kolos@gmail.com"}, "minfo": {"id": "model-a13c_1636994318782757", "oname": "model-a13c_1636994318782757", "mname": "MD_Wine", "model": "idclsify24", "name": "v.1", "ckey": "a13c_1636994318782757", "cval": "4f973092-7f7f-4812-f772-e0321b5050d8", "tag": "v.a13", "org": "danylo.kolos_gmail.com", "project": "50b12f0c683f40258fcc10e80f7e6393", "dbset": "DS_Wine", "rawdb": "WR_Wine", "ext_model": "pkl", "formattestdata": "general", "mtag": "clsify", "com1_mc": "None", "com2_mc": "None", "com1_mm": "None", "com2_mm": "None"}, "msg": "A classification model on DS_Wine@WR_Wine.\n A RandomForestClassifier Classifier was used to generate model version MD_Wine v.1 .", "sub": "Classification Model"}, "dbset": {"name": "DS_Wine", "dtype": "table", "split": 80, "trnfn": "trn.csv", "tstfn": "tst.csv", "random_state": "123456", "kfold": "1", "cfold": 0, "trn": ["fixedacidity", "volatileacidity", "citricacid", "residualsugar", "chlorides", "freesulfurdioxide", "totalsulfurdioxide", "density", "pH", "sulphates", "alcohol"], "tst": ["quality"], "col": [], "islocked": "No", "operation": [{"algo": "Min-Max Normalization", "applyon": "onfe", "dtype": ["table"], "id": "min_max_normalization", "isdisbled": false, "param": [{"cap": "No Parameter", "def": "", "key": "none", "show": "none"}, {"cap": "No Parameter", "def": "", "key": "none", "show": "none"}], "text": "Apply Min-Max Normalization on fixedacidity", "type": "general", "iid": "aa21b590e845eb27db23bce12093781bc9", "feature": "fixedacidity", "keyval": {}}, {"algo": "Min-Max Normalization", "applyon": "onfe", "dtype": ["table"], "id": "min_max_normalization", "isdisbled": false, "param": [{"cap": "No Parameter", "def": "", "key": "none", "show": "none"}, {"cap": "No Parameter", "def": "", "key": "none", "show": "none"}], "text": "Apply Min-Max Normalization on volatileacidity", "type": "general", "iid": "aaf10508ff39b2e6b4dd1f33dfb2656f0f", "feature": "volatileacidity", "keyval": {}}, {"algo": "Min-Max Normalization", "applyon": "onfe", "dtype": ["table"], "id": "min_max_normalization", "isdisbled": false, "param": [{"cap": "No Parameter", "def": "", "key": "none", "show": "none"}, {"cap": "No Parameter", "def": "", "key": "none", "show": "none"}], "text": "Apply Min-Max Normalization on citricacid", "type": "general", "iid": "aa382e4960ed91e9ebd305767809d5a4a1", "feature": "citricacid", "keyval": {}}, {"algo": "Min-Max Normalization", "applyon": "onfe", "dtype": ["table"], "id": "min_max_normalization", "isdisbled": false, "param": [{"cap": "No Parameter", "def": "", "key": "none", "show": "none"}, {"cap": "No Parameter", "def": "", "key": "none", "show": "none"}], "text": "Apply Min-Max Normalization on residualsugar", "type": "general", "iid": "aab59e5e417a78b2d1033607168462c890", "feature": "residualsugar", "keyval": {}}, {"algo": "Min-Max Normalization", "applyon": "onfe", "dtype": ["table"], "id": "min_max_normalization", "isdisbled": false, "param": [{"cap": "No Parameter", "def": "", "key": "none", "show": "none"}, {"cap": "No Parameter", "def": "", "key": "none", "show": "none"}], "text": "Apply Min-Max Normalization on chlorides", "type": "general", "iid": "aa2a9c4d771dd13c6372748a14a632d224", "feature": "chlorides", "keyval": {}}, {"algo": "Min-Max Normalization", "applyon": "onfe", "dtype": ["table"], "id": "min_max_normalization", "isdisbled": false, "param": [{"cap": "No Parameter", "def": "", "key": "none", "show": "none"}, {"cap": "No Parameter", "def": "", "key": "none", "show": "none"}], "text": "Apply Min-Max Normalization on freesulfurdioxide", "type": "general", "iid": "aaa63c35b32a562dfdd9f805b096e2208d", "feature": "freesulfurdioxide", "keyval": {}}, {"algo": "Min-Max Normalization", "applyon": "onfe", "dtype": ["table"], "id": "min_max_normalization", "isdisbled": false, "param": [{"cap": "No Parameter", "def": "", "key": "none", "show": "none"}, {"cap": "No Parameter", "def": "", "key": "none", "show": "none"}], "text": "Apply Min-Max Normalization on totalsulfurdioxide", "type": "general", "iid": "aaf0fe8db89fdcc271bcca25cde0f8b925", "feature": "totalsulfurdioxide", "keyval": {}}, {"algo": "Min-Max Normalization", "applyon": "onfe", "dtype": ["table"], "id": "min_max_normalization", "isdisbled": false, "param": [{"cap": "No Parameter", "def": "", "key": "none", "show": "none"}, {"cap": "No Parameter", "def": "", "key": "none", "show": "none"}], "text": "Apply Min-Max Normalization on density", "type": "general", "iid": "aab86e730190fb829a8b67dddff221eec7", "feature": "density", "keyval": {}}, {"algo": "Min-Max Normalization", "applyon": "onfe", "dtype": ["table"], "id": "min_max_normalization", "isdisbled": false, "param": [{"cap": "No Parameter", "def": "", "key": "none", "show": "none"}, {"cap": "No Parameter", "def": "", "key": "none", "show": "none"}], "text": "Apply Min-Max Normalization on pH", "type": "general", "iid": "aa3cabc79a9014c6bbd89caa7482829ae9", "feature": "pH", "keyval": {}}, {"algo": "Min-Max Normalization", "applyon": "onfe", "dtype": ["table"], "id": "min_max_normalization", "isdisbled": false, "param": [{"cap": "No Parameter", "def": "", "key": "none", "show": "none"}, {"cap": "No Parameter", "def": "", "key": "none", "show": "none"}], "text": "Apply Min-Max Normalization on sulphates", "type": "general", "iid": "aace967443c784ec66610072c701e314f7", "feature": "sulphates", "keyval": {}}, {"algo": "Min-Max Normalization", "applyon": "onfe", "dtype": ["table"], "id": "min_max_normalization", "isdisbled": false, "param": [{"cap": "No Parameter", "def": "", "key": "none", "show": "none"}, {"cap": "No Parameter", "def": "", "key": "none", "show": "none"}], "text": "Apply Min-Max Normalization on alcohol", "type": "general", "iid": "aae60913bc77d943fcc6825e95aba0022c", "feature": "alcohol", "keyval": {}}], "operation_missing": {"db": {"id": "aacb232bcdd6a94bbb5b18adb28cd59ff1", "feature": "db", "applyon": "ondb", "algo": "msing2remove", "name": "Remove Rows", "value": 0}}, "project": "50b12f0c683f40258fcc10e80f7e6393", "src": "WR_Wine", "missingop": "default", "missingval": "default", "email": {"name": "Danylo Kolos", "email": "danylo.kolos@gmail.com"}, "isemail": "no", "dstype": "sl", "noprecompute": "no", "basename": "DS_Wine"}, "mtype": "clsify", "algo": "dt", "ktype": "tree", "isame": "yes", "classes_": [[3, 4, 5, 6, 7, 8]], "class_label": [[[3, 4, 5, 6, 7, 8]]], "med": [0.2857142857142857, 0.273972602739726, 0.26, 0.08904109589041095, 0.11185308848080132, 0.18309859154929575, 0.11307420494699648, 0.4941262848751933, 0.44881889763779537, 0.17365269461077845, 0.2615384615384615]}